timestamp,document_id,original_name,new_name,destination,status,message
2026-07-11T15:58:38,SEA_REP_001,2026-04-17 - Form 20-F.pdf,sea_rep_001_form_20f_2025.pdf,C:\Users\Powder\Desktop\DoAnThacSi\master-thesis-rag-agent\data\raw\sea_shopee_reports\sea_rep_001_form_20f_2025.pdf,missing,Không tìm thấy file nguồn trong incoming_shopee
2026-07-11T15:58:38,SEA_REP_002,2026.03.03 Sea Fourth Quarter and Full Year 2025 Results Deck.pdf,sea_rep_002_q4_fy2025_results_deck.pdf,C:\Users\Powder\Desktop\DoAnThacSi\master-thesis-rag-agent\data\raw\sea_shopee_reports\sea_rep_002_q4_fy2025_results_deck.pdf,missing,Không tìm thấy file nguồn trong incoming_shopee
2026-07-11T15:58:38,SEA_REP_003,2026.03.03 Sea Fourth Quarter and Full Year 2025 Results.pdf,sea_rep_003_q4_fy2025_results.pdf,C:\Users\Powder\Desktop\DoAnThacSi\master-thesis-rag-agent\data\raw\sea_shopee_reports\sea_rep_003_q4_fy2025_results.pdf,missing,Không tìm thấy file nguồn trong incoming_shopee
2026-07-11T15:58:38,SHP_ADS_001,af5e358d400848e89b0052adb1288bcf_Quảng cáo Shopee - Nâng cao 2025.pdf,shp_ads_001_quang_cao_nang_cao_2025.pdf,C:\Users\Powder\Desktop\DoAnThacSi\master-thesis-rag-agent\data\raw\shopee_policy\shp_ads_001_quang_cao_nang_cao_2025.pdf,renamed,Đổi tên và di chuyển thành công
2026-07-11T15:58:38,SHP_POL_001,CHÍNH SÁCH BẢO MẬT _ Shopee Trung tâm trợ giúp.pdf,shp_pol_001_chinh_sach_bao_mat.pdf,C:\Users\Powder\Desktop\DoAnThacSi\master-thesis-rag-agent\data\raw\shopee_policy\shp_pol_001_chinh_sach_bao_mat.pdf,missing,Không tìm thấy file nguồn trong incoming_shopee
2026-07-11T15:58:38,SHP_POL_002,CHÍNH SÁCH CẤM_HẠN CHẾ SẢN PHẨM _ Shopee Trung tâm trợ giúp.pdf,shp_pol_002_chinh_sach_cam_han_che_san_pham.pdf,C:\Users\Powder\Desktop\DoAnThacSi\master-thesis-rag-agent\data\raw\shopee_policy\shp_pol_002_chinh_sach_cam_han_che_san_pham.pdf,missing,Không tìm thấy file nguồn trong incoming_shopee
2026-07-11T15:58:38,SHP_RET_001,Chính sách phí vận chuyển dành cho đơn Trả Hàng_Hoàn tiền và đơn giao không thành công _ Học Viện Shopee [Shopee].pdf,shp_ret_001_phi_van_chuyen_tra_hang_hoan_tien_2025.pdf,C:\Users\Powder\Desktop\DoAnThacSi\master-thesis-rag-agent\data\raw\shopee_policy\shp_ret_001_phi_van_chuyen_tra_hang_hoan_tien_2025.pdf,renamed,Đổi tên và di chuyển thành công
2026-07-11T15:58:38,SHP_RET_002,CHÍNH SÁCH TRẢ HÀNG VÀ HOÀN TIỀN _ Shopee Trung tâm trợ giúp.pdf,shp_ret_002_chinh_sach_tra_hang_hoan_tien.pdf,C:\Users\Powder\Desktop\DoAnThacSi\master-thesis-rag-agent\data\raw\shopee_policy\shp_ret_002_chinh_sach_tra_hang_hoan_tien.pdf,renamed,Đổi tên và di chuyển thành công
2026-07-11T15:58:38,SHP_LOG_001,CHÍNH SÁCH VẬN CHUYỂN SHOPEE _ Shopee Trung tâm trợ giúp.pdf,shp_log_001_chinh_sach_van_chuyen.pdf,C:\Users\Powder\Desktop\DoAnThacSi\master-thesis-rag-agent\data\raw\shopee_policy\shp_log_001_chinh_sach_van_chuyen.pdf,renamed,Đổi tên và di chuyển thành công
2026-07-11T15:58:38,SHP_MKT_001,Các Ngành hàng bị hạn chế tham gia chương trình khuyến mãi của Shopee _ Học Viện Shopee [Shopee].pdf,shp_mkt_001_nganh_hang_han_che_khuyen_mai_2026.pdf,C:\Users\Powder\Desktop\DoAnThacSi\master-thesis-rag-agent\data\raw\shopee_policy\shp_mkt_001_nganh_hang_han_che_khuyen_mai_2026.pdf,renamed,Đổi tên và di chuyển thành công
2026-07-11T15:58:38,SHP_MKT_002,Giới thiệu về Kênh Marketing Shopee _ Học viện Shopee [Shopee].pdf,shp_mkt_002_gioi_thieu_kenh_marketing_2025.pdf,C:\Users\Powder\Desktop\DoAnThacSi\master-thesis-rag-agent\data\raw\shopee_policy\shp_mkt_002_gioi_thieu_kenh_marketing_2025.pdf,renamed,Đổi tên và di chuyển thành công
2026-07-11T15:58:38,SHP_FIN_001,Hướng dẫn cách xem thông tin tại mục Doanh thu trên Kênh Người Bán và Ứng dụng Shopee _ Học viện Shopee [Shopee].pdf,shp_fin_001_huong_dan_xem_doanh_thu_2025.pdf,C:\Users\Powder\Desktop\DoAnThacSi\master-thesis-rag-agent\data\raw\shopee_policy\shp_fin_001_huong_dan_xem_doanh_thu_2025.pdf,renamed,Đổi tên và di chuyển thành công
2026-07-11T15:58:38,SHP_FIN_002,Hướng dẫn xuất Báo Cáo Doanh Thu và giải thích các thông tin trong báo cáo _ Học viện Shopee [Shopee].pdf,shp_fin_002_huong_dan_xuat_bao_cao_doanh_thu_2026.pdf,C:\Users\Powder\Desktop\DoAnThacSi\master-thesis-rag-agent\data\raw\shopee_policy\shp_fin_002_huong_dan_xuat_bao_cao_doanh_thu_2026.pdf,renamed,Đổi tên và di chuyển thành công
2026-07-11T15:58:38,SHP_FEE_001,Một số phí bán hàng trên Shopee Người bán cần nắm rõ _ Học viện Shopee [Shopee].pdf,shp_fee_001_tong_quan_phi_ban_hang_2026.pdf,C:\Users\Powder\Desktop\DoAnThacSi\master-thesis-rag-agent\data\raw\shopee_policy\shp_fee_001_tong_quan_phi_ban_hang_2026.pdf,renamed,Đổi tên và di chuyển thành công
2026-07-11T15:58:38,SHP_FEE_002,Phí Cố Định dành cho Người bán không thuộc Shopee Mall là gì_ _ Học Viện Shopee [Shopee].pdf,shp_fee_002_phi_co_dinh_non_mall_2026.pdf,C:\Users\Powder\Desktop\DoAnThacSi\master-thesis-rag-agent\data\raw\shopee_policy\shp_fee_002_phi_co_dinh_non_mall_2026.pdf,renamed,Đổi tên và di chuyển thành công
2026-07-11T15:58:38,SHP_FEE_003,Phí Cố Định dành cho Người bán thuộc Shopee Mall là gì_ _ Học Viện Shopee [Shopee].pdf,shp_fee_003_phi_co_dinh_mall_2026.pdf,C:\Users\Powder\Desktop\DoAnThacSi\master-thesis-rag-agent\data\raw\shopee_policy\shp_fee_003_phi_co_dinh_mall_2026.pdf,renamed,Đổi tên và di chuyển thành công
2026-07-11T15:58:38,SHP_FEE_004,Phí Xử Lý Giao Dịch trên Shopee là gì_ _ Học viện Shopee - Shopee Uni Vietnam.pdf,shp_fee_004_phi_xu_ly_giao_dich_2026.pdf,C:\Users\Powder\Desktop\DoAnThacSi\master-thesis-rag-agent\data\raw\shopee_policy\shp_fee_004_phi_xu_ly_giao_dich_2026.pdf,renamed,Đổi tên và di chuyển thành công
2026-07-11T15:58:38,SHP_POL_003,QUY CHẾ HOẠT ĐỘNG SÀN THƯƠNG MẠI ĐIỆN TỬ SHOPEE.VN _ Shopee Trung tâm trợ giúp.pdf,shp_pol_003_quy_che_hoat_dong_san.pdf,C:\Users\Powder\Desktop\DoAnThacSi\master-thesis-rag-agent\data\raw\shopee_policy\shp_pol_003_quy_che_hoat_dong_san.pdf,missing,Không tìm thấy file nguồn trong incoming_shopee
2026-07-11T15:58:38,SHP_POL_004,QUY TRÌNH GIẢI QUYẾT TRANH CHẤP_ XỬ LÝ KHIẾU NẠI _ Shopee Trung tâm trợ giúp.pdf,shp_pol_004_quy_trinh_giai_quyet_tranh_chap_khieu_nai.pdf,C:\Users\Powder\Desktop\DoAnThacSi\master-thesis-rag-agent\data\raw\shopee_policy\shp_pol_004_quy_trinh_giai_quyet_tranh_chap_khieu_nai.pdf,missing,Không tìm thấy file nguồn trong incoming_shopee
2026-07-11T15:58:38,SHP_RET_003,Quy trình Trả hàng_Hoàn tiền trên Shopee dành cho Người bán _ Học viện Shopee - Shopee Uni Vietnam.pdf,shp_ret_003_quy_trinh_tra_hang_hoan_tien_nguoi_ban_2025.pdf,C:\Users\Powder\Desktop\DoAnThacSi\master-thesis-rag-agent\data\raw\shopee_policy\shp_ret_003_quy_trinh_tra_hang_hoan_tien_nguoi_ban_2025.pdf,renamed,Đổi tên và di chuyển thành công
