document_id,title,source_group,file_path,source_owner,source_url,published_date,effective_date,language,sha256,text_extractable,verification_status,use_for_retrieval,note
MARKET_VN_001,Sach trang tmdt 2020,ecommerce_market_reports,data/raw/ecommerce_market_reports/market_vn_001_sach_trang_tmdt_2020.pdf,,,,,vi,1f192335d7a04112dc5427749d0eb82f007d3dbb7d21e3cb0cd01b5823028323,True,text_verified_metadata_pending,True,Trích xuất PDF thành công.
MARKET_VN_002,Sach trang tmdt 2021,ecommerce_market_reports,data/raw/ecommerce_market_reports/market_vn_002_sach_trang_tmdt_2021.pdf,,,,,vi,052817ce7b89f07c635dc88a9c96bb349e1e3d173c2c3caa7007a4b2258b5c38,True,text_verified_metadata_pending,True,Trích xuất PDF thành công.
MARKET_VN_003,Ebi 2025,ecommerce_market_reports,data/raw/ecommerce_market_reports/market_vn_003_ebi_2025.pdf,,,,,vi,96501cfdd0c995b9a508b482f6da5fb4f0d4dde6005f15bab19af769ddcdd7f4,True,text_verified_metadata_pending,True,Trích xuất PDF thành công.
MARKET_VN_004,Ebi 2026,ecommerce_market_reports,data/raw/ecommerce_market_reports/market_vn_004_ebi_2026.pdf,,,,,vi,c3cdff120586b56bfc105fbb0840bc70fb8ca9b54f92341a228813158d7f4eb8,True,text_verified_metadata_pending,True,Trích xuất PDF thành công.
ELECTRONICS_VN_001,Diem sang san xuat cong nghiep 2021,electronics_market,data/raw/electronics_market/electronics_vn_001_diem_sang_san_xuat_cong_nghiep_2021.pdf,,,,,vi,f8689a2b98fb7cc9ba812259d1dcd5df390d538d7064658654d94d1c13c1f2dc,True,text_verified_metadata_pending,True,Trích xuất PDF thành công.
ELECTRONICS_VN_002,Xnk may tinh linh kien fdi 2022,electronics_market,data/raw/electronics_market/electronics_vn_002_xnk_may_tinh_linh_kien_fdi_2022.pdf,,,,,vi,b3267c8539af13011b878f0244e7773f93d8e5f8a0947d77b43800508c28dad0,True,text_verified_metadata_pending,True,Trích xuất PDF thành công.
ELECTRONICS_VN_003,Tao vi the nganh dien tu 2023,electronics_market,data/raw/electronics_market/electronics_vn_003_tao_vi_the_nganh_dien_tu_2023.pdf,,,,,vi,84e4a16d59d90d8a876c010f42b78b9aa431e97be5490035c21ca4ac97f35d72,True,text_verified_metadata_pending,True,Trích xuất PDF thành công.
ELECTRONICS_VN_004,Customs trade 2025,electronics_market,data/raw/electronics_market/electronics_vn_004_customs_trade_2025.pdf,,,,,vi,d7d18c69b911e36be38e0ab815afc4a3ec53416a4ae01289780913628852417c,True,text_verified_metadata_pending,True,Trích xuất PDF thành công.
LAW_ADS_001,Vbhn luat quang cao,legal_ecommerce,data/raw/legal_ecommerce/law_ads_001_vbhn_luat_quang_cao.pdf,,,,,vi,b2712261480cc18b61272afafb11a3d1767f316a45c8054f8e732f63a7e02e0e,False,needs_text_layer,False,PDF có quá ít lớp văn bản. Không đưa vào documents.jsonl; hãy tìm bản HTML/DOCX/PDF có text hoặc OCR kiểm chứng.
LAW_ADS_002,Nghi dinh 342 2025 quang cao,legal_ecommerce,data/raw/legal_ecommerce/law_ads_002_nghi_dinh_342_2025_quang_cao.pdf,,,,,vi,ebaf3283a2330aa2819ad6fc971de7c02cc8b7044a38915d4cbe0def82986f56,False,needs_text_layer,False,PDF có quá ít lớp văn bản. Không đưa vào documents.jsonl; hãy tìm bản HTML/DOCX/PDF có text hoặc OCR kiểm chứng.
LAW_CONSUMER_001,Luat bao ve quyen loi nguoi tieu dung 2023,legal_ecommerce,data/raw/legal_ecommerce/law_consumer_001_luat_bao_ve_quyen_loi_nguoi_tieu_dung_2023.pdf,,,,,vi,df441b45907761a0cdb6781cdf5f50367866017ce7bbe81940be446dea7eb5bc,False,needs_text_layer,False,PDF có quá ít lớp văn bản. Không đưa vào documents.jsonl; hãy tìm bản HTML/DOCX/PDF có text hoặc OCR kiểm chứng.
LAW_CONSUMER_002,Nghi dinh 55 2024,legal_ecommerce,data/raw/legal_ecommerce/law_consumer_002_nghi_dinh_55_2024.pdf,,,,,vi,d138b52498f340fb556d664916813d8a9d3ba065391a57202f69b9ce731f6a85,False,needs_text_layer,False,PDF có quá ít lớp văn bản. Không đưa vào documents.jsonl; hãy tìm bản HTML/DOCX/PDF có text hoặc OCR kiểm chứng.
LAW_DATA_001,Luat bao ve du lieu ca nhan 2025,legal_ecommerce,data/raw/legal_ecommerce/law_data_001_luat_bao_ve_du_lieu_ca_nhan_2025.pdf,,,,,vi,c3b87f994cedcedb69d38c590dcca2bb7700aab65e518a2a3a5ffbf22048b9ee,False,needs_text_layer,False,PDF có quá ít lớp văn bản. Không đưa vào documents.jsonl; hãy tìm bản HTML/DOCX/PDF có text hoặc OCR kiểm chứng.
LAW_DATA_002,Nghi dinh 356 2025 bao ve du lieu ca nhan,legal_ecommerce,data/raw/legal_ecommerce/law_data_002_nghi_dinh_356_2025_bao_ve_du_lieu_ca_nhan.pdf,,,,,vi,5b36a060c22db1df6c32b8c66da63b0c36571a1f7fa01765e719baac215b6c12,False,needs_text_layer,False,PDF có quá ít lớp văn bản. Không đưa vào documents.jsonl; hãy tìm bản HTML/DOCX/PDF có text hoặc OCR kiểm chứng.
LAW_ECOM_001,Luat thuong mai dien tu 2025,legal_ecommerce,data/raw/legal_ecommerce/law_ecom_001_luat_thuong_mai_dien_tu_2025.pdf,,,,,vi,10eb9faf1384bebaff64c30beccdc4dbd2713dc251f5d1c2714c6514c9b58e44,False,needs_text_layer,False,PDF có quá ít lớp văn bản. Không đưa vào documents.jsonl; hãy tìm bản HTML/DOCX/PDF có text hoặc OCR kiểm chứng.
LAW_ECOM_002,Nghi dinh 248 2026,legal_ecommerce,data/raw/legal_ecommerce/law_ecom_002_nghi_dinh_248_2026.pdf,,,,,vi,9829949d91358428be627a613474efebb31748175d133c70410b02118e8c7f3e,False,needs_text_layer,False,PDF có quá ít lớp văn bản. Không đưa vào documents.jsonl; hãy tìm bản HTML/DOCX/PDF có text hoặc OCR kiểm chứng.
LAW_LABEL_001,Nghi dinh 43 2017 nhan hang hoa,legal_ecommerce,data/raw/legal_ecommerce/law_label_001_nghi_dinh_43_2017_nhan_hang_hoa.pdf,,,,,vi,e698dcc97d6d39d11dea9c9688b289d36e976e1e9acda2ee15cd2fe93402ab62,False,needs_text_layer,False,PDF có quá ít lớp văn bản. Không đưa vào documents.jsonl; hãy tìm bản HTML/DOCX/PDF có text hoặc OCR kiểm chứng.
LAW_LABEL_002,Nghi dinh 111 2021 sua doi nhan hang hoa,legal_ecommerce,data/raw/legal_ecommerce/law_label_002_nghi_dinh_111_2021_sua_doi_nhan_hang_hoa.pdf,,,,,vi,28f73262bc40d1d463fa3c76f66a8a5ea34a841f05829845d79646590eb62fb6,False,needs_text_layer,False,PDF có quá ít lớp văn bản. Không đưa vào documents.jsonl; hãy tìm bản HTML/DOCX/PDF có text hoặc OCR kiểm chứng.
LAW_PROMOTION_001,Vbhn 55 2026 xuc tien thuong mai,legal_ecommerce,data/raw/legal_ecommerce/law_promotion_001_vbhn_55_2026_xuc_tien_thuong_mai.pdf,,,,,vi,6bd82afdde25dba283944010f436ff4b75404864b94eb88f7afe745c09d3d507,False,needs_text_layer,False,PDF có quá ít lớp văn bản. Không đưa vào documents.jsonl; hãy tìm bản HTML/DOCX/PDF có text hoặc OCR kiểm chứng.
LAW_QUALITY_001,Vbhn luat chat luong san pham hang hoa,legal_ecommerce,data/raw/legal_ecommerce/law_quality_001_vbhn_luat_chat_luong_san_pham_hang_hoa.pdf,,,,,vi,b85815d420700b556a58f9da112d602f276f06ba4c09b4e08497514faac6a086,True,text_verified_metadata_pending,True,Trích xuất PDF thành công.
LAW_QUALITY_002,Nghi dinh 37 2026 chat luong san pham,legal_ecommerce,data/raw/legal_ecommerce/law_quality_002_nghi_dinh_37_2026_chat_luong_san_pham.pdf,,,,,vi,30e8d339a0d86f6d3289c4fc88d7538c7b1eeba8f1e9bc10efcce86054e6f660,False,needs_text_layer,False,PDF có quá ít lớp văn bản. Không đưa vào documents.jsonl; hãy tìm bản HTML/DOCX/PDF có text hoặc OCR kiểm chứng.
LAW_QUALITY_002A,Nghi dinh 37 2026 phu luc,legal_ecommerce,data/raw/legal_ecommerce/law_quality_002a_nghi_dinh_37_2026_phu_luc.pdf,,,,,vi,d5e4f56cee3d64e74985f2eebe3bfda26bde1b54a60df49706aaf03b5edb54ba,False,needs_text_layer,False,PDF có quá ít lớp văn bản. Không đưa vào documents.jsonl; hãy tìm bản HTML/DOCX/PDF có text hoặc OCR kiểm chứng.
LEGAL_ECOMMERCE_6D2A3381E3,Law quality moit 001 vbhn 44 2025 quan ly chat luong,legal_ecommerce,data/raw/legal_ecommerce/law_quality_moit_001_vbhn_44_2025_quan_ly_chat_luong.pdf,,,,,vi,6d2a3381e30e3c727921310dc836c50f553689cd999b46d8f9d8b9f4218f9cc8,False,needs_text_layer,False,PDF có quá ít lớp văn bản. Không đưa vào documents.jsonl; hãy tìm bản HTML/DOCX/PDF có text hoặc OCR kiểm chứng.
LAW_TRANSACTION_001,Luat giao dich dien tu 2023,legal_ecommerce,data/raw/legal_ecommerce/law_transaction_001_luat_giao_dich_dien_tu_2023.pdf,,,,,vi,2458d01d6453cd11ab7aaddbae36e988110754bcb53a59eda729987a63882914,True,text_verified_metadata_pending,True,Trích xuất PDF thành công.
VECOM_PLAN_001,Ke hoach cong tac 2024,research_papers,data/raw/research_papers/vecom_plan_001_ke_hoach_cong_tac_2024.pdf,,,,,vi,55a3ac9e017de4ae4b927341f8de0b7327496c1b3f1ef2a2f6875fb0696ffd9c,True,text_verified_metadata_pending,True,Trích xuất PDF thành công.
SEA_REP_001,Form 20f 2025,sea_shopee_reports,data/raw/sea_shopee_reports/sea_rep_001_form_20f_2025.pdf,,,,,en,c72fcc970edcdb2338817f02ad1aeecb8605b3938cbb46091f9338e4be637ffb,True,text_verified_metadata_pending,True,Trích xuất PDF thành công.
SEA_REP_002,Q4 fy2025 results deck,sea_shopee_reports,data/raw/sea_shopee_reports/sea_rep_002_q4_fy2025_results_deck.pdf,,,,,en,d57b1f26d7cc3f156af2727b0f90707038ceba18c3c29fe42e8cee73bc5b8146,True,text_verified_metadata_pending,True,Trích xuất PDF thành công.
SEA_REP_003,Q4 fy2025 results,sea_shopee_reports,data/raw/sea_shopee_reports/sea_rep_003_q4_fy2025_results.pdf,,,,,en,a67bfadfbeef24314b063f9030dc0e7ac14f7d4560e897b0552e748e5fe029e3,True,text_verified_metadata_pending,True,Trích xuất PDF thành công.
SHP_API_001,Platform introduction 2024,shopee_api,data/raw/shopee_api/shp_api_001_platform_introduction_2024.pdf,,,,,en,bb5c6ce481e6af753976dfab6de5ba0769c73b1dd707b86697b247cd9e871966,True,text_verified_metadata_pending,True,Trích xuất PDF thành công.
SHP_API_002,Api calls v2 2025,shopee_api,data/raw/shopee_api/shp_api_002_api_calls_v2_2025.pdf,,,,,en,ef9b00982ea6df9d2e6703ac39c651bbdf344eacf2077a36f83361e6b2304a7f,True,text_verified_metadata_pending,True,Trích xuất PDF thành công.
SHP_API_003,Shop authorization 2026,shopee_api,data/raw/shopee_api/shp_api_003_shop_authorization_2026.pdf,,,,,en,29d176009a8477e0aa3806c4e76a223035031d3eadd8046f16efb6a697ac4ea5,True,text_verified_metadata_pending,True,Trích xuất PDF thành công.
SHP_API_004,Order management 2025,shopee_api,data/raw/shopee_api/shp_api_004_order_management_2025.pdf,,,,,en,b79fc39818532f79f28874b43aed2b8fc595536ed5a8c499cb7d533d96147f3f,True,text_verified_metadata_pending,True,Trích xuất PDF thành công.
SHP_ADS_001,Quang cao nang cao 2025,shopee_policy,data/raw/shopee_policy/shp_ads_001_quang_cao_nang_cao_2025.pdf,,,,,vi,c6706afd457d3e657f24c9038103ed77ebf1a92011fc1dcc77b78fc7ab791a34,True,text_verified_metadata_pending,True,Trích xuất PDF thành công.
SHP_DATA_001,Dieu khoan tong hop luot ban,shopee_policy,data/raw/shopee_policy/shp_data_001_dieu_khoan_tong_hop_luot_ban.pdf,,,,,vi,66f70d1a37a8d148484b1379d63721c0bf933649ef887254cd2ca3ed412710f6,True,text_verified_metadata_pending,True,Trích xuất PDF thành công.
SHP_DATA_002,Quy dinh luu tru du lieu san pham 2026,shopee_policy,data/raw/shopee_policy/shp_data_002_quy_dinh_luu_tru_du_lieu_san_pham_2026.pdf,,,,,vi,98ff4245d631baaceac3b7a767a26bf9efcab13184a446843299fd0dfbed1aa8,True,text_verified_metadata_pending,True,Trích xuất PDF thành công.
SHP_FEE_001,Tong quan phi ban hang 2026,shopee_policy,data/raw/shopee_policy/shp_fee_001_tong_quan_phi_ban_hang_2026.pdf,,,,,vi,db2c958e829396da720269eebbf57eaebb7fd76304e761d08320e3ed4abc70b8,True,text_verified_metadata_pending,True,Trích xuất PDF thành công.
SHP_FEE_002,Phi co dinh non mall 2026,shopee_policy,data/raw/shopee_policy/shp_fee_002_phi_co_dinh_non_mall_2026.pdf,,,,,vi,3e2e611d7d4259376cf87a8b7bceb61011645eec1944364bc3aa107334d09036,True,text_verified_metadata_pending,True,Trích xuất PDF thành công.
SHP_FEE_003,Phi co dinh mall 2026,shopee_policy,data/raw/shopee_policy/shp_fee_003_phi_co_dinh_mall_2026.pdf,,,,,vi,c3319ca2683f593477eded97ecf46646f8ff6a242e447ac6ce28bb795e7bfa36,True,text_verified_metadata_pending,True,Trích xuất PDF thành công.
SHP_FEE_004,Phi xu ly giao dich 2026,shopee_policy,data/raw/shopee_policy/shp_fee_004_phi_xu_ly_giao_dich_2026.pdf,,,,,vi,7ee78c4cc07142006d652497fd89451633e86535fe6f117f297b46bdf8ee08f2,True,text_verified_metadata_pending,True,Trích xuất PDF thành công.
SHP_FEE_005,Cap nhat phi non mall 2026,shopee_policy,data/raw/shopee_policy/shp_fee_005_cap_nhat_phi_non_mall_2026.pdf,,,,,vi,df845c97ae8f90f3db5bd7e6051ee24282ca8ca40c18fa02b221877531b4f1c5,True,text_verified_metadata_pending,True,Trích xuất PDF thành công.
SHP_FEE_006,Bieu phi co dinh theo nganh hang 2026,shopee_policy,data/raw/shopee_policy/shp_fee_006_bieu_phi_co_dinh_theo_nganh_hang_2026.pdf,,,,,vi,e2b5d3a8c767e1d570eb66d3c4f5d6c545a7b40711dc79c15eab7227e134b1f5,True,text_verified_metadata_pending,True,Trích xuất PDF thành công.
SHP_FIN_001,Huong dan xem doanh thu 2025,shopee_policy,data/raw/shopee_policy/shp_fin_001_huong_dan_xem_doanh_thu_2025.pdf,,,,,vi,5e0fb2ef54afec2e39de3994a61fb5d3073caf4ce3ebfd987c5d10eb79caf8b3,True,text_verified_metadata_pending,True,Trích xuất PDF thành công.
SHP_FIN_002,Huong dan xuat bao cao doanh thu 2026,shopee_policy,data/raw/shopee_policy/shp_fin_002_huong_dan_xuat_bao_cao_doanh_thu_2026.pdf,,,,,vi,6f4268650c5e0df1b0ec9d73e7feb7e32ba0f14e88c60769573a9b51b84dda56,True,text_verified_metadata_pending,True,Trích xuất PDF thành công.
SHP_IP_001,Quy trinh phoi hop quyen so huu tri tue,shopee_policy,data/raw/shopee_policy/shp_ip_001_quy_trinh_phoi_hop_quyen_so_huu_tri_tue.pdf,,,,,vi,02191bc9aadd50c0b1985cb0d188248e2d235a76f8ddadef1692b48b6ce66a36,True,text_verified_metadata_pending,True,Trích xuất PDF thành công.
SHP_LOG_001,Chinh sach van chuyen,shopee_policy,data/raw/shopee_policy/shp_log_001_chinh_sach_van_chuyen.pdf,,,,,vi,f4511304b907a7d010afc4898bbd008dd512c547619fc967057d4572734e770b,True,text_verified_metadata_pending,True,Trích xuất PDF thành công.
SHP_MKT_001,Nganh hang han che khuyen mai 2026,shopee_policy,data/raw/shopee_policy/shp_mkt_001_nganh_hang_han_che_khuyen_mai_2026.pdf,,,,,vi,c004ea9975a27fc041a0ec07690eb31af5fad8d12fe2f6d1d5bd8d0823a8e75a,True,text_verified_metadata_pending,True,Trích xuất PDF thành công.
SHP_MKT_002,Gioi thieu kenh marketing 2025,shopee_policy,data/raw/shopee_policy/shp_mkt_002_gioi_thieu_kenh_marketing_2025.pdf,,,,,vi,c483c32dbd9c68c67540200a9b75f0c3ae7e4e0283515e82f7a2bc649e7216ea,True,text_verified_metadata_pending,True,Trích xuất PDF thành công.
SHP_POL_001,Chinh sach bao mat,shopee_policy,data/raw/shopee_policy/shp_pol_001_chinh_sach_bao_mat.pdf,,,,,vi,582a676ed994bc97804aef010a8f9053f827fa3a038200cb96efc6225f69f8d8,True,text_verified_metadata_pending,True,Trích xuất PDF thành công.
SHP_POL_002,Chinh sach cam han che san pham,shopee_policy,data/raw/shopee_policy/shp_pol_002_chinh_sach_cam_han_che_san_pham.pdf,,,,,vi,f5868e791602fd4cbc0a355f6fb51028125cc6c0953f4bb1ad53911f9e4875e7,True,text_verified_metadata_pending,True,Trích xuất PDF thành công.
SHP_POL_003,Quy che hoat dong san,shopee_policy,data/raw/shopee_policy/shp_pol_003_quy_che_hoat_dong_san.pdf,,,,,vi,34e9107ac2a1924954716393d54c88ed263899c83d8bde0ed4cb6120c4722e3e,True,text_verified_metadata_pending,True,Trích xuất PDF thành công.
SHP_POL_004,Quy trinh giai quyet tranh chap khieu nai,shopee_policy,data/raw/shopee_policy/shp_pol_004_quy_trinh_giai_quyet_tranh_chap_khieu_nai.pdf,,,,,vi,8a13d387cca6a297f642274c5c9e1fb01b249ff86cec7e4faa3b21b596b9e685,True,text_verified_metadata_pending,True,Trích xuất PDF thành công.
SHP_POL_005,Dieu khoan dich vu,shopee_policy,data/raw/shopee_policy/shp_pol_005_dieu_khoan_dich_vu.pdf,,,,,vi,2e8707bc8fb0dc45c42529a65f98c8c628c49f6105f8716b8a1f333934586843,True,text_verified_metadata_pending,True,Trích xuất PDF thành công.
SHP_POL_006,Dieu khoan dich vu shopee mall,shopee_policy,data/raw/shopee_policy/shp_pol_006_dieu_khoan_dich_vu_shopee_mall.pdf,,,,,vi,e36ef891e084f78e65be550ca7ecb3bc42720743f6c510a81c49f839ed40261c,True,text_verified_metadata_pending,True,Trích xuất PDF thành công.
SHP_POL_007,Quy dinh dang ban san pham,shopee_policy,data/raw/shopee_policy/shp_pol_007_quy_dinh_dang_ban_san_pham.pdf,,,,,vi,ad15ad4edc866991661e2a30a6e51327977237e1230aedeb58acbd93f4a20c5e,True,text_verified_metadata_pending,True,Trích xuất PDF thành công.
SHP_RET_001,Phi van chuyen tra hang hoan tien 2025,shopee_policy,data/raw/shopee_policy/shp_ret_001_phi_van_chuyen_tra_hang_hoan_tien_2025.pdf,,,,,vi,7cf8ef7d5ca550e590ad48dc4e549be501403d4313394f0ec431f36d06b19662,True,text_verified_metadata_pending,True,Trích xuất PDF thành công.
SHP_RET_002,Chinh sach tra hang hoan tien,shopee_policy,data/raw/shopee_policy/shp_ret_002_chinh_sach_tra_hang_hoan_tien.pdf,,,,,vi,7e18f925eef0b947a00a57066838dea4323a5d72b6e06abe4e6e876b225a240f,True,text_verified_metadata_pending,True,Trích xuất PDF thành công.
SHP_RET_003,Quy trinh tra hang hoan tien nguoi ban 2025,shopee_policy,data/raw/shopee_policy/shp_ret_003_quy_trinh_tra_hang_hoan_tien_nguoi_ban_2025.pdf,,,,,vi,6121982362dfa013f3df7f3d5963be1d016a3ceefcf276b1b27349bb9b0083fb,True,text_verified_metadata_pending,True,Trích xuất PDF thành công.
