file_path,file_name,source_group,extension,size_bytes,sha256,status,use_for_retrieval,note
data/raw/ecommerce_market_reports/_duplicates/duplicate_sach_trang_tmdt_2021.pdf,duplicate_sach_trang_tmdt_2021.pdf,ecommerce_market_reports,.pdf,2464919,e30253f1077bfa4ab83d442e03d90435d99536a2650750500eaa75c32b5f3390,needs_metadata_review,,
data/raw/ecommerce_market_reports/market_vn_001_sach_trang_tmdt_2020.pdf,market_vn_001_sach_trang_tmdt_2020.pdf,ecommerce_market_reports,.pdf,3173314,1f192335d7a04112dc5427749d0eb82f007d3dbb7d21e3cb0cd01b5823028323,needs_metadata_review,,
data/raw/ecommerce_market_reports/market_vn_002_sach_trang_tmdt_2021.pdf,market_vn_002_sach_trang_tmdt_2021.pdf,ecommerce_market_reports,.pdf,2344174,052817ce7b89f07c635dc88a9c96bb349e1e3d173c2c3caa7007a4b2258b5c38,needs_metadata_review,,
data/raw/ecommerce_market_reports/market_vn_003_ebi_2025.pdf,market_vn_003_ebi_2025.pdf,ecommerce_market_reports,.pdf,5595944,96501cfdd0c995b9a508b482f6da5fb4f0d4dde6005f15bab19af769ddcdd7f4,needs_metadata_review,,
data/raw/ecommerce_market_reports/market_vn_004_ebi_2026.pdf,market_vn_004_ebi_2026.pdf,ecommerce_market_reports,.pdf,6199946,c3cdff120586b56bfc105fbb0840bc70fb8ca9b54f92341a228813158d7f4eb8,needs_metadata_review,,
data/raw/electronics_market/electronics_vn_001_diem_sang_san_xuat_cong_nghiep_2021.pdf,electronics_vn_001_diem_sang_san_xuat_cong_nghiep_2021.pdf,electronics_market,.pdf,579297,f8689a2b98fb7cc9ba812259d1dcd5df390d538d7064658654d94d1c13c1f2dc,needs_metadata_review,,
data/raw/electronics_market/electronics_vn_002_xnk_may_tinh_linh_kien_fdi_2022.pdf,electronics_vn_002_xnk_may_tinh_linh_kien_fdi_2022.pdf,electronics_market,.pdf,167263,b3267c8539af13011b878f0244e7773f93d8e5f8a0947d77b43800508c28dad0,needs_metadata_review,,
data/raw/electronics_market/electronics_vn_003_tao_vi_the_nganh_dien_tu_2023.pdf,electronics_vn_003_tao_vi_the_nganh_dien_tu_2023.pdf,electronics_market,.pdf,160035,84e4a16d59d90d8a876c010f42b78b9aa431e97be5490035c21ca4ac97f35d72,needs_metadata_review,,
data/raw/electronics_market/electronics_vn_004_customs_trade_2025.pdf,electronics_vn_004_customs_trade_2025.pdf,electronics_market,.pdf,358518,d7d18c69b911e36be38e0ab815afc4a3ec53416a4ae01289780913628852417c,needs_metadata_review,,
data/raw/incoming_legal/_duplicates/356-nd.signed.pdf,356-nd.signed.pdf,incoming_legal,.pdf,2357540,5b36a060c22db1df6c32b8c66da63b0c36571a1f7fa01765e719baac215b6c12,needs_metadata_review,,
data/raw/incoming_legal/_duplicates/43.signed.pdf,43.signed.pdf,incoming_legal,.pdf,1225184,e698dcc97d6d39d11dea9c9688b289d36e976e1e9acda2ee15cd2fe93402ab62,needs_metadata_review,,
data/raw/incoming_legal/_duplicates/44-vbhn-bct.pdf,44-vbhn-bct.pdf,incoming_legal,.pdf,6998384,6d2a3381e30e3c727921310dc836c50f553689cd999b46d8f9d8b9f4218f9cc8,needs_metadata_review,,
data/raw/incoming_legal/_duplicates/tvHienThiToanVan_1_VBHN-BCT_2025_44.pdf,tvHienThiToanVan_1_VBHN-BCT_2025_44.pdf,incoming_legal,.pdf,6998384,6d2a3381e30e3c727921310dc836c50f553689cd999b46d8f9d8b9f4218f9cc8,needs_metadata_review,,
data/raw/incoming_legal/_duplicates/tvVanBanGoc_1_VBHN-BCT_2025_44.pdf,tvVanBanGoc_1_VBHN-BCT_2025_44.pdf,incoming_legal,.pdf,6998384,6d2a3381e30e3c727921310dc836c50f553689cd999b46d8f9d8b9f4218f9cc8,needs_metadata_review,,
data/raw/incoming_legal/_excluded_drafts/Du thao Luat trinh ky Chung thuc - 3006 - tiếp thu ý kiến 7 đồng chí.docx,Du thao Luat trinh ky Chung thuc - 3006 - tiếp thu ý kiến 7 đồng chí.docx,incoming_legal,.docx,145549,4ade4973fb545625a0c85693cdb59859fe4173e183a2d832554585df0bea0d90,needs_metadata_review,,
data/raw/incoming_legal/_excluded_drafts/NDquyenloinguoitieudung.trinhky - VCC.docx,NDquyenloinguoitieudung.trinhky - VCC.docx,incoming_legal,.docx,70510,92d680c94ac635499e6ac8690c60e85b8a5cfe4854dbc40f99805a87937fcba3,needs_metadata_review,,
data/raw/incoming_legal/_excluded_drafts/NDthuongmaidientu248_final.docx,NDthuongmaidientu248_final.docx,incoming_legal,.docx,116236,ce90de255939f1cd691a443c891c3d3fe6f8763ab14b6740fbe92f59e09fb9a8,needs_metadata_review,,
data/raw/incoming_legal/_excluded_drafts/PLquyenloinguoitieudung.trinhky.docx,PLquyenloinguoitieudung.trinhky.docx,incoming_legal,.docx,82482,719bef16555080fa79cb462d9ff086c2b461e98af77ae8a9ac8afae1b09ea8cb,needs_metadata_review,,
data/raw/incoming_legal/_excluded_drafts/Template.pdf,Template.pdf,incoming_legal,.pdf,32052,7c05f673e08d4f457c77b5f511bbe47bf92df2f65962e51c9e4ce11a5290383e,needs_metadata_review,,
data/raw/incoming_legal/_manual_review/248_2026_ND-CP_30062026-signed.pdf,248_2026_ND-CP_30062026-signed.pdf,incoming_legal,.pdf,36774464,7a318e5b50d935b46f4ae49070ea706f801796e20bf1f8db7c96dc6a7d00d984,needs_metadata_review,,
data/raw/incoming_legal/_manual_review/55.2026.VBHN-BCT.docx,55.2026.VBHN-BCT.docx,incoming_legal,.docx,93739,d04bb34d5e415074eba1922780dd08f059ceea1eca51967d388dec1d22859837,needs_metadata_review,,
data/raw/incoming_legal/_manual_review/law_transaction_001_source_word_wrong_pdf_extension.doc,law_transaction_001_source_word_wrong_pdf_extension.doc,incoming_legal,.doc,156672,8549d87a1e436431510fc12fc3057b9fac3ca13bbdb8f74622dd0cebe3c227a2,needs_metadata_review,,
data/raw/incoming_legal/_manual_review/tvVanBanGoc_04_VBHN-VPQH.pdf,tvVanBanGoc_04_VBHN-VPQH.pdf,incoming_legal,.pdf,3600883,e14e85493deff77283cf1c260acfc703b37c7b106909a10a7fd20cb989c7472c,needs_metadata_review,,
data/raw/incoming_legal/_manual_review/VanBanGoc_N 55_2024_ND-CP_16052024.pdf,VanBanGoc_N 55_2024_ND-CP_16052024.pdf,incoming_legal,.pdf,13375344,ee6e798871aaacfa66ef0c1912befa9a6c2a0a78a19ad4a9980272d977f137c0,needs_metadata_review,,
data/raw/legal_ecommerce/law_ads_001_vbhn_luat_quang_cao.pdf,law_ads_001_vbhn_luat_quang_cao.pdf,legal_ecommerce,.pdf,13462045,b2712261480cc18b61272afafb11a3d1767f316a45c8054f8e732f63a7e02e0e,needs_metadata_review,,
data/raw/legal_ecommerce/law_ads_002_nghi_dinh_342_2025_quang_cao.pdf,law_ads_002_nghi_dinh_342_2025_quang_cao.pdf,legal_ecommerce,.pdf,1132350,ebaf3283a2330aa2819ad6fc971de7c02cc8b7044a38915d4cbe0def82986f56,needs_metadata_review,,
data/raw/legal_ecommerce/law_consumer_001_luat_bao_ve_quyen_loi_nguoi_tieu_dung_2023.pdf,law_consumer_001_luat_bao_ve_quyen_loi_nguoi_tieu_dung_2023.pdf,legal_ecommerce,.pdf,3013680,df441b45907761a0cdb6781cdf5f50367866017ce7bbe81940be446dea7eb5bc,needs_metadata_review,,
data/raw/legal_ecommerce/law_consumer_002_nghi_dinh_55_2024.pdf,law_consumer_002_nghi_dinh_55_2024.pdf,legal_ecommerce,.pdf,1429337,d138b52498f340fb556d664916813d8a9d3ba065391a57202f69b9ce731f6a85,needs_metadata_review,,
data/raw/legal_ecommerce/law_data_001_luat_bao_ve_du_lieu_ca_nhan_2025.pdf,law_data_001_luat_bao_ve_du_lieu_ca_nhan_2025.pdf,legal_ecommerce,.pdf,1113153,c3b87f994cedcedb69d38c590dcca2bb7700aab65e518a2a3a5ffbf22048b9ee,needs_metadata_review,,
data/raw/legal_ecommerce/law_data_002_nghi_dinh_356_2025_bao_ve_du_lieu_ca_nhan.pdf,law_data_002_nghi_dinh_356_2025_bao_ve_du_lieu_ca_nhan.pdf,legal_ecommerce,.pdf,2357540,5b36a060c22db1df6c32b8c66da63b0c36571a1f7fa01765e719baac215b6c12,needs_metadata_review,,
data/raw/legal_ecommerce/law_ecom_001_luat_thuong_mai_dien_tu_2025.pdf,law_ecom_001_luat_thuong_mai_dien_tu_2025.pdf,legal_ecommerce,.pdf,11962999,10eb9faf1384bebaff64c30beccdc4dbd2713dc251f5d1c2714c6514c9b58e44,needs_metadata_review,,
data/raw/legal_ecommerce/law_ecom_002_nghi_dinh_248_2026.pdf,law_ecom_002_nghi_dinh_248_2026.pdf,legal_ecommerce,.pdf,3251736,9829949d91358428be627a613474efebb31748175d133c70410b02118e8c7f3e,needs_metadata_review,,
data/raw/legal_ecommerce/law_label_001_nghi_dinh_43_2017_nhan_hang_hoa.pdf,law_label_001_nghi_dinh_43_2017_nhan_hang_hoa.pdf,legal_ecommerce,.pdf,1225184,e698dcc97d6d39d11dea9c9688b289d36e976e1e9acda2ee15cd2fe93402ab62,needs_metadata_review,,
data/raw/legal_ecommerce/law_label_002_nghi_dinh_111_2021_sua_doi_nhan_hang_hoa.pdf,law_label_002_nghi_dinh_111_2021_sua_doi_nhan_hang_hoa.pdf,legal_ecommerce,.pdf,1078093,28f73262bc40d1d463fa3c76f66a8a5ea34a841f05829845d79646590eb62fb6,needs_metadata_review,,
data/raw/legal_ecommerce/law_promotion_001_vbhn_55_2026_xuc_tien_thuong_mai.pdf,law_promotion_001_vbhn_55_2026_xuc_tien_thuong_mai.pdf,legal_ecommerce,.pdf,15161367,6bd82afdde25dba283944010f436ff4b75404864b94eb88f7afe745c09d3d507,needs_metadata_review,,
data/raw/legal_ecommerce/law_quality_001_vbhn_luat_chat_luong_san_pham_hang_hoa.pdf,law_quality_001_vbhn_luat_chat_luong_san_pham_hang_hoa.pdf,legal_ecommerce,.pdf,922219,b85815d420700b556a58f9da112d602f276f06ba4c09b4e08497514faac6a086,needs_metadata_review,,
data/raw/legal_ecommerce/law_quality_002_nghi_dinh_37_2026_chat_luong_san_pham.pdf,law_quality_002_nghi_dinh_37_2026_chat_luong_san_pham.pdf,legal_ecommerce,.pdf,4095271,30e8d339a0d86f6d3289c4fc88d7538c7b1eeba8f1e9bc10efcce86054e6f660,needs_metadata_review,,
data/raw/legal_ecommerce/law_quality_002a_nghi_dinh_37_2026_phu_luc.pdf,law_quality_002a_nghi_dinh_37_2026_phu_luc.pdf,legal_ecommerce,.pdf,1305982,d5e4f56cee3d64e74985f2eebe3bfda26bde1b54a60df49706aaf03b5edb54ba,needs_metadata_review,,
data/raw/legal_ecommerce/law_quality_moit_001_vbhn_44_2025_quan_ly_chat_luong.pdf,law_quality_moit_001_vbhn_44_2025_quan_ly_chat_luong.pdf,legal_ecommerce,.pdf,6998384,6d2a3381e30e3c727921310dc836c50f553689cd999b46d8f9d8b9f4218f9cc8,needs_metadata_review,,
data/raw/legal_ecommerce/law_transaction_001_luat_giao_dich_dien_tu_2023.pdf,law_transaction_001_luat_giao_dich_dien_tu_2023.pdf,legal_ecommerce,.pdf,514663,2458d01d6453cd11ab7aaddbae36e988110754bcb53a59eda729987a63882914,needs_metadata_review,,
data/raw/research_papers/vecom_plan_001_ke_hoach_cong_tac_2024.pdf,vecom_plan_001_ke_hoach_cong_tac_2024.pdf,research_papers,.pdf,3139190,55a3ac9e017de4ae4b927341f8de0b7327496c1b3f1ef2a2f6875fb0696ffd9c,needs_metadata_review,,
data/raw/sea_shopee_reports/sea_rep_001_form_20f_2025.pdf,sea_rep_001_form_20f_2025.pdf,sea_shopee_reports,.pdf,1285056,c72fcc970edcdb2338817f02ad1aeecb8605b3938cbb46091f9338e4be637ffb,needs_metadata_review,,
data/raw/sea_shopee_reports/sea_rep_002_q4_fy2025_results_deck.pdf,sea_rep_002_q4_fy2025_results_deck.pdf,sea_shopee_reports,.pdf,824447,d57b1f26d7cc3f156af2727b0f90707038ceba18c3c29fe42e8cee73bc5b8146,needs_metadata_review,,
data/raw/sea_shopee_reports/sea_rep_003_q4_fy2025_results.pdf,sea_rep_003_q4_fy2025_results.pdf,sea_shopee_reports,.pdf,477849,a67bfadfbeef24314b063f9030dc0e7ac14f7d4560e897b0552e748e5fe029e3,needs_metadata_review,,
data/raw/shopee_api/_duplicates/duplicate_order_management_saved_as_logistics.pdf,duplicate_order_management_saved_as_logistics.pdf,shopee_api,.pdf,3675866,082931522bc2a52371bb2d57b511ddc9538fcb4cc63b69778e41d7915575c59a,needs_metadata_review,,
data/raw/shopee_api/shp_api_001_platform_introduction_2024.pdf,shp_api_001_platform_introduction_2024.pdf,shopee_api,.pdf,252972,bb5c6ce481e6af753976dfab6de5ba0769c73b1dd707b86697b247cd9e871966,needs_metadata_review,,
data/raw/shopee_api/shp_api_002_api_calls_v2_2025.pdf,shp_api_002_api_calls_v2_2025.pdf,shopee_api,.pdf,1055413,ef9b00982ea6df9d2e6703ac39c651bbdf344eacf2077a36f83361e6b2304a7f,needs_metadata_review,,
data/raw/shopee_api/shp_api_003_shop_authorization_2026.pdf,shp_api_003_shop_authorization_2026.pdf,shopee_api,.pdf,2992404,29d176009a8477e0aa3806c4e76a223035031d3eadd8046f16efb6a697ac4ea5,needs_metadata_review,,
data/raw/shopee_api/shp_api_004_order_management_2025.pdf,shp_api_004_order_management_2025.pdf,shopee_api,.pdf,4962587,b79fc39818532f79f28874b43aed2b8fc595536ed5a8c499cb7d533d96147f3f,needs_metadata_review,,
data/raw/shopee_policy/shp_ads_001_quang_cao_nang_cao_2025.pdf,shp_ads_001_quang_cao_nang_cao_2025.pdf,shopee_policy,.pdf,5969993,c6706afd457d3e657f24c9038103ed77ebf1a92011fc1dcc77b78fc7ab791a34,needs_metadata_review,,
data/raw/shopee_policy/shp_data_001_dieu_khoan_tong_hop_luot_ban.pdf,shp_data_001_dieu_khoan_tong_hop_luot_ban.pdf,shopee_policy,.pdf,329983,66f70d1a37a8d148484b1379d63721c0bf933649ef887254cd2ca3ed412710f6,needs_metadata_review,,
data/raw/shopee_policy/shp_data_002_quy_dinh_luu_tru_du_lieu_san_pham_2026.pdf,shp_data_002_quy_dinh_luu_tru_du_lieu_san_pham_2026.pdf,shopee_policy,.pdf,1457856,98ff4245d631baaceac3b7a767a26bf9efcab13184a446843299fd0dfbed1aa8,needs_metadata_review,,
data/raw/shopee_policy/shp_fee_001_tong_quan_phi_ban_hang_2026.pdf,shp_fee_001_tong_quan_phi_ban_hang_2026.pdf,shopee_policy,.pdf,3417878,db2c958e829396da720269eebbf57eaebb7fd76304e761d08320e3ed4abc70b8,needs_metadata_review,,
data/raw/shopee_policy/shp_fee_002_phi_co_dinh_non_mall_2026.pdf,shp_fee_002_phi_co_dinh_non_mall_2026.pdf,shopee_policy,.pdf,918714,3e2e611d7d4259376cf87a8b7bceb61011645eec1944364bc3aa107334d09036,needs_metadata_review,,
data/raw/shopee_policy/shp_fee_003_phi_co_dinh_mall_2026.pdf,shp_fee_003_phi_co_dinh_mall_2026.pdf,shopee_policy,.pdf,1141551,c3319ca2683f593477eded97ecf46646f8ff6a242e447ac6ce28bb795e7bfa36,needs_metadata_review,,
data/raw/shopee_policy/shp_fee_004_phi_xu_ly_giao_dich_2026.pdf,shp_fee_004_phi_xu_ly_giao_dich_2026.pdf,shopee_policy,.pdf,392041,7ee78c4cc07142006d652497fd89451633e86535fe6f117f297b46bdf8ee08f2,needs_metadata_review,,
data/raw/shopee_policy/shp_fee_005_cap_nhat_phi_non_mall_2026.pdf,shp_fee_005_cap_nhat_phi_non_mall_2026.pdf,shopee_policy,.pdf,575789,df845c97ae8f90f3db5bd7e6051ee24282ca8ca40c18fa02b221877531b4f1c5,needs_metadata_review,,
data/raw/shopee_policy/shp_fee_006_bieu_phi_co_dinh_theo_nganh_hang_2026.pdf,shp_fee_006_bieu_phi_co_dinh_theo_nganh_hang_2026.pdf,shopee_policy,.pdf,352727,e2b5d3a8c767e1d570eb66d3c4f5d6c545a7b40711dc79c15eab7227e134b1f5,needs_metadata_review,,
data/raw/shopee_policy/shp_fin_001_huong_dan_xem_doanh_thu_2025.pdf,shp_fin_001_huong_dan_xem_doanh_thu_2025.pdf,shopee_policy,.pdf,707731,5e0fb2ef54afec2e39de3994a61fb5d3073caf4ce3ebfd987c5d10eb79caf8b3,needs_metadata_review,,
data/raw/shopee_policy/shp_fin_002_huong_dan_xuat_bao_cao_doanh_thu_2026.pdf,shp_fin_002_huong_dan_xuat_bao_cao_doanh_thu_2026.pdf,shopee_policy,.pdf,2208982,6f4268650c5e0df1b0ec9d73e7feb7e32ba0f14e88c60769573a9b51b84dda56,needs_metadata_review,,
data/raw/shopee_policy/shp_ip_001_quy_trinh_phoi_hop_quyen_so_huu_tri_tue.pdf,shp_ip_001_quy_trinh_phoi_hop_quyen_so_huu_tri_tue.pdf,shopee_policy,.pdf,319254,02191bc9aadd50c0b1985cb0d188248e2d235a76f8ddadef1692b48b6ce66a36,needs_metadata_review,,
data/raw/shopee_policy/shp_log_001_chinh_sach_van_chuyen.pdf,shp_log_001_chinh_sach_van_chuyen.pdf,shopee_policy,.pdf,659200,f4511304b907a7d010afc4898bbd008dd512c547619fc967057d4572734e770b,needs_metadata_review,,
data/raw/shopee_policy/shp_mkt_001_nganh_hang_han_che_khuyen_mai_2026.pdf,shp_mkt_001_nganh_hang_han_che_khuyen_mai_2026.pdf,shopee_policy,.pdf,1558589,c004ea9975a27fc041a0ec07690eb31af5fad8d12fe2f6d1d5bd8d0823a8e75a,needs_metadata_review,,
data/raw/shopee_policy/shp_mkt_002_gioi_thieu_kenh_marketing_2025.pdf,shp_mkt_002_gioi_thieu_kenh_marketing_2025.pdf,shopee_policy,.pdf,3331186,c483c32dbd9c68c67540200a9b75f0c3ae7e4e0283515e82f7a2bc649e7216ea,needs_metadata_review,,
data/raw/shopee_policy/shp_pol_001_chinh_sach_bao_mat.pdf,shp_pol_001_chinh_sach_bao_mat.pdf,shopee_policy,.pdf,468964,582a676ed994bc97804aef010a8f9053f827fa3a038200cb96efc6225f69f8d8,needs_metadata_review,,
data/raw/shopee_policy/shp_pol_002_chinh_sach_cam_han_che_san_pham.pdf,shp_pol_002_chinh_sach_cam_han_che_san_pham.pdf,shopee_policy,.pdf,372978,f5868e791602fd4cbc0a355f6fb51028125cc6c0953f4bb1ad53911f9e4875e7,needs_metadata_review,,
data/raw/shopee_policy/shp_pol_003_quy_che_hoat_dong_san.pdf,shp_pol_003_quy_che_hoat_dong_san.pdf,shopee_policy,.pdf,654824,34e9107ac2a1924954716393d54c88ed263899c83d8bde0ed4cb6120c4722e3e,needs_metadata_review,,
data/raw/shopee_policy/shp_pol_004_quy_trinh_giai_quyet_tranh_chap_khieu_nai.pdf,shp_pol_004_quy_trinh_giai_quyet_tranh_chap_khieu_nai.pdf,shopee_policy,.pdf,271568,8a13d387cca6a297f642274c5c9e1fb01b249ff86cec7e4faa3b21b596b9e685,needs_metadata_review,,
data/raw/shopee_policy/shp_pol_005_dieu_khoan_dich_vu.pdf,shp_pol_005_dieu_khoan_dich_vu.pdf,shopee_policy,.pdf,626929,2e8707bc8fb0dc45c42529a65f98c8c628c49f6105f8716b8a1f333934586843,needs_metadata_review,,
data/raw/shopee_policy/shp_pol_006_dieu_khoan_dich_vu_shopee_mall.pdf,shp_pol_006_dieu_khoan_dich_vu_shopee_mall.pdf,shopee_policy,.pdf,484920,e36ef891e084f78e65be550ca7ecb3bc42720743f6c510a81c49f839ed40261c,needs_metadata_review,,
data/raw/shopee_policy/shp_pol_007_quy_dinh_dang_ban_san_pham.pdf,shp_pol_007_quy_dinh_dang_ban_san_pham.pdf,shopee_policy,.pdf,439880,ad15ad4edc866991661e2a30a6e51327977237e1230aedeb58acbd93f4a20c5e,needs_metadata_review,,
data/raw/shopee_policy/shp_ret_001_phi_van_chuyen_tra_hang_hoan_tien_2025.pdf,shp_ret_001_phi_van_chuyen_tra_hang_hoan_tien_2025.pdf,shopee_policy,.pdf,888636,7cf8ef7d5ca550e590ad48dc4e549be501403d4313394f0ec431f36d06b19662,needs_metadata_review,,
data/raw/shopee_policy/shp_ret_002_chinh_sach_tra_hang_hoan_tien.pdf,shp_ret_002_chinh_sach_tra_hang_hoan_tien.pdf,shopee_policy,.pdf,393701,7e18f925eef0b947a00a57066838dea4323a5d72b6e06abe4e6e876b225a240f,needs_metadata_review,,
data/raw/shopee_policy/shp_ret_003_quy_trinh_tra_hang_hoan_tien_nguoi_ban_2025.pdf,shp_ret_003_quy_trinh_tra_hang_hoan_tien_nguoi_ban_2025.pdf,shopee_policy,.pdf,4038629,6121982362dfa013f3df7f3d5963be1d016a3ceefcf276b1b27349bb9b0083fb,needs_metadata_review,,
