order_id,order_date,status,sku,quantity,gross_merchandise_value_vnd,seller_discount_vnd,platform_discount_vnd,estimated_transaction_fee_vnd,estimated_service_fee_vnd
ORD-202608-001,2026-08-02,completed,SKU-001,2,580000,20000,30000,23000,12000
ORD-202608-002,2026-08-04,completed,SKU-002,1,350000,0,10000,14000,7000
ORD-202608-003,2026-08-09,completed,SKU-003,3,720000,50000,0,28000,14000
ORD-202608-004,2026-08-11,cancelled,SKU-004,1,450000,0,0,0,0
ORD-202608-005,2026-08-15,completed,SKU-005,5,1250000,125000,50000,50000,25000
ORD-202608-006,2026-08-21,completed,SKU-006,1,190000,10000,0,7600,3800
ORD-202608-007,2026-08-29,completed,SKU-001,4,890000,0,80000,35600,17800
ORD-202607-001,2026-07-03,completed,SKU-001,1,290000,0,20000,11600,5800
ORD-202607-002,2026-07-14,completed,SKU-002,2,700000,35000,0,28000,14000
ORD-202607-003,2026-07-26,completed,SKU-005,1,250000,0,0,10000,5000
